first_name,last_name,email,gender,phone
Ansell,Mucklestone,amucklestone0@netscape.com,Male,5514211192
Trish,Giriardelli,tgiriardelli1@trellian.com,Female,7531129335
Yelena,Soan,ysoan2@ow.ly,Female,7088129683
Roxanna,Allanby,rallanby3@paginegialle.it,Female,7165727819
Flor,Parren,fparren4@wordpress.org,Female,5195450225
Damara,Challens,dchallens5@jalbum.net,Female,7697044083
Dagny,Iorizzo,diorizzo6@bloglines.com,Male,5626330092
Jorgan,Silcox,jsilcox7@yahoo.co.jp,Male,6159813344
Batholomew,Smurfit,bsmurfit8@usnews.com,Male,6087720320
Ripley,Iacobucci,riacobucci9@ted.com,Male,6209837204
Kiel,Nusche,knuschea@google.ca,Genderqueer,4174694520
Brock,Emblin,bemblinb@g.co,Male,2355450651
Yul,Henden,yhendenc@umich.edu,Male,7858354322
Lombard,Peers,lpeersd@wired.com,Male,9921699351
Guinevere,Bengal,gbengale@surveymonkey.com,Female,7104050146
Oneida,Burnitt,oburnittf@va.gov,Female,8042854434
Griffith,Boater,gboaterg@creativecommons.org,Male,7772444937
Randy,Mitchelmore,rmitchelmoreh@fotki.com,Polygender,4561339633
Nari,Cowitz,ncowitzi@phpbb.com,Female,6367257106
Natividad,Skeldinge,nskeldingej@comcast.net,Female,5889752346
Dill,Brothers,dbrothersk@1und1.de,Male,6701755352
Diandra,Hovert,dhovertl@mail.ru,Female,1782429796
Larry,Woolfitt,lwoolfittm@google.nl,Male,8744581591
Allie,Keal,akealn@artisteer.com,Male,3294549843
Dilan,Rearie,drearieo@google.com.au,Male,2917000785
Howard,Brownscombe,hbrownscombep@tamu.edu,Male,5491244409
Bonita,Weild,bweildq@dedecms.com,Female,3991961263
Wilek,Harmour,wharmourr@sciencedaily.com,Male,5755697270
Charita,Mitkcov,cmitkcovs@discuz.net,Female,6595353234
Ron,MacDonell,rmacdonellt@usnews.com,Male,8461261257
Danell,Gittoes,dgittoesu@umn.edu,Female,1924272154
Dud,Gossop,dgossopv@facebook.com,Male,6091985240
Camile,Adao,cadaow@smh.com.au,Female,1861335543
Elysha,Arblaster,earblasterx@wix.com,Female,5465116349
Susana,Gothrup,sgothrupy@earthlink.net,Female,2173666564
Jacquelynn,Hullock,jhullockz@nydailynews.com,Non-binary,9694485914
Murielle,Manclark,mmanclark10@creativecommons.org,Female,7075863863
Mommy,Cabrer,mcabrer11@blogs.com,Female,7081337600
Paxton,Constantine,pconstantine12@cnn.com,Male,4606847009
Lavinie,Monery,lmonery13@theguardian.com,Female,8826763664
Gregory,Gerrit,ggerrit14@youku.com,Male,6326226509
Cybil,Reavey,creavey15@trellian.com,Agender,9729363481
Pauly,Waylen,pwaylen16@spiegel.de,Male,7909598593
Bowie,Smeeth,bsmeeth17@ow.ly,Male,8185089678
Stephine,Sanchez,ssanchez18@prnewswire.com,Non-binary,1697129290
Bobbe,Canto,bcanto19@odnoklassniki.ru,Agender,4317873367
Wanda,Sellek,wsellek1a@redcross.org,Female,1619225426
Alic,Chalker,achalker1b@globo.com,Male,1231563792
Brana,Messent,bmessent1c@huffingtonpost.com,Female,3525375200
Jordan,Egerton,jegerton1d@time.com,Male,8136737908
Sheridan,Carstairs,scarstairs1e@washingtonpost.com,Non-binary,4815255019
Daron,Cancellor,dcancellor1f@abc.net.au,Male,7873254867
Gerrie,Cordy,gcordy1g@oakley.com,Male,1099244489
Judi,Francesc,jfrancesc1h@accuweather.com,Female,6929966546
Gwennie,Abramcik,gabramcik1i@yellowpages.com,Female,4488453452
Karleen,Trussler,ktrussler1j@who.int,Female,4637475519
Bax,Raithbie,braithbie1k@tinyurl.com,Male,6903287805
Wes,Shenton,wshenton1l@bloglovin.com,Male,9203830407
Paton,Arthars,parthars1m@discuz.net,Male,4768831373
Whitney,Dwelly,wdwelly1n@php.net,Male,4757315732
Hersh,Juckes,hjuckes1o@amazonaws.com,Male,7195946585
Darleen,Reasce,dreasce1p@prweb.com,Female,6654650358
Reena,Wrotham,rwrotham1q@epa.gov,Female,5193575099
Jaimie,Hoggins,jhoggins1r@behance.net,Female,1213032044
Hanni,Gillooly,hgillooly1s@howstuffworks.com,Female,5135486904
Hettie,Gasken,hgasken1t@live.com,Female,6551500796
Patrice,Sheach,psheach1u@thetimes.co.uk,Non-binary,8711430410
Timofei,Riping,triping1v@wikispaces.com,Male,7579924410
Frannie,Coughtrey,fcoughtrey1w@xrea.com,Male,3345814064
Jean,McElroy,jmcelroy1x@hatena.ne.jp,Female,3134316366
Alonso,Korpal,akorpal1y@sbwire.com,Bigender,8667812101
Ignatius,Harome,iharome1z@washington.edu,Male,8786417894
Gretta,Shortall,gshortall20@i2i.jp,Female,8131237778
Emmalyn,De Gogay,edegogay21@howstuffworks.com,Agender,8132186540
Yoshiko,Giurio,ygiurio22@w3.org,Female,8595337779
Fannie,Whitland,fwhitland23@statcounter.com,Female,5746812615
Hermia,Cray,hcray24@uiuc.edu,Female,4043861954
Rory,Lafayette,rlafayette25@cornell.edu,Female,4863978148
Kim,Bebbell,kbebbell26@sfgate.com,Male,4341543797
Lee,Lowe,llowe27@taobao.com,Male,7416509855
Madelle,McPhate,mmcphate28@microsoft.com,Female,5127925844
Elane,Gonsalvo,egonsalvo29@dmoz.org,Genderqueer,5517077774
Benn,Burnsyde,bburnsyde2a@is.gd,Male,6638329471
Amory,Bucktharp,abucktharp2b@nba.com,Male,9666784344
Rayner,Cosby,rcosby2c@example.com,Male,3886346263
Parnell,Janota,pjanota2d@blinklist.com,Male,6837675516
Marie,Ruos,mruos2e@soup.io,Female,8202198957
Graehme,Heaney`,gheaney2f@jigsy.com,Male,3995431251
Robinson,Manlow,rmanlow2g@xinhuanet.com,Male,4527084995
Bridgette,Joder,bjoder2h@xinhuanet.com,Female,6175122828
Conroy,Hansom,chansom2i@japanpost.jp,Male,4699999531
Basile,Rostron,brostron2j@mapquest.com,Male,7391602734
Guthrey,Jakeway,gjakeway2k@ameblo.jp,Male,5541373420
Adriano,Coping,acoping2l@hubpages.com,Male,1676332220
Camile,Titchen,ctitchen2m@guardian.co.uk,Female,2415870572
Cory,Millberg,cmillberg2n@oaic.gov.au,Male,4889986205
Brianna,McElhinney,bmcelhinney2o@tumblr.com,Female,3732805434
Alice,Spellessy,aspellessy2p@hubpages.com,Female,2807368206
Jackson,Claricoats,jclaricoats2q@earthlink.net,Male,7546444211
Nicolea,Masser,nmasser2r@usgs.gov,Female,6139332877
